Season Start,Season End,Team,PTS,FGM,FGA,FG%,3PM,3PA,3P%,FTM,FTA,FT%,OREB,DREB,REB,AST,TOV,STL,BLK,BLKA,Salary,Salary w/ Inflation
2008,2009,Atlanta Hawks,98.1,36.0,78.7,45.8,7.3,19.9,36.6,18.7,25.4,73.7,10.6,29.4,40.0,20.2,12.8,7.4,4.6,4.3,"$68,168,841 ","$79,797,863 "
2009,2010,Atlanta Hawks,101.7,38.8,82.9,46.8,6.4,17.7,36.0,17.7,23.3,75.9,11.8,29.9,41.7,21.8,12.0,7.2,5.0,4.4,"$65,883,642 ","$78,239,128 "
2010,2011,Atlanta Hawks,95.0,36.2,78.4,46.2,6.1,17.4,35.2,16.4,21.1,77.9,9.3,30.0,39.3,22.0,13.6,6.1,4.2,4.2,"$71,469,843 ","$83,988,250 "
2011,2012,Atlanta Hawks,96.6,36.8,81.0,45.4,7.5,20.2,37.0,15.5,21.0,74.0,9.9,31.3,41.2,22.4,14.0,8.1,4.6,4.7,"$73,669,912 ","$83,598,545 "
2012,2013,Atlanta Hawks,98.0,37.6,81.0,46.4,8.6,23.2,37.1,14.1,19.7,71.5,9.2,31.6,40.9,24.5,14.9,8.1,4.5,4.3,"$66,710,178 ","$74,461,791 "
2013,2014,Atlanta Hawks,101.0,37.3,81.6,45.8,9.4,25.8,36.3,17.0,21.7,78.1,8.7,31.3,40.0,24.9,15.3,8.3,4.0,4.3,"$58,998,677 ","$64,718,790 "
2014,2015,Atlanta Hawks,102.5,38.1,81.7,46.6,10.0,26.2,38.0,16.5,21.2,77.8,8.7,31.8,40.6,25.7,14.2,9.1,4.6,4.9,"$58,320,278 ","$62,675,759 "
2015,2016,Atlanta Hawks,102.8,38.6,84.4,45.8,9.9,28.4,35.0,15.6,20.0,78.3,8.3,33.8,42.1,25.6,15.0,9.1,5.9,5.0,"$71,661,760 ","$76,918,414 "
2016,2017,Atlanta Hawks,103.2,38.1,84.4,45.1,8.9,26.1,34.1,18.1,24.9,72.8,10.3,34.1,44.3,23.6,15.8,8.2,4.8,5.2,"$96,315,163 ","$102,359,377 "
2017,2018,Atlanta Hawks,103.4,38.2,85.5,44.6,11.2,31.0,36.0,15.8,20.2,78.5,9.1,32.8,41.9,23.7,15.5,7.8,4.2,5.5,"$99,992,696 ","$104,559,718 "
2008,2009,Boston Celtics,100.9,37.5,77.2,48.6,6.6,16.5,39.7,19.4,25.3,76.5,10.6,31.5,42.1,22.7,15.6,7.6,4.7,4.7,"$79,188,973 ","$92,697,938 "
2009,2010,Boston Celtics,99.2,37.1,76.8,48.3,6.1,17.5,34.8,19.0,25.5,74.6,8.7,29.9,38.6,23.5,14.9,8.5,4.9,4.7,"$83,552,174 ","$99,221,130 "
2010,2011,Boston Celtics,96.5,36.9,75.8,48.6,5.0,13.6,36.5,17.8,23.1,77.0,7.8,31.0,38.8,23.4,14.6,8.2,4.2,4.4,"$82,045,867 ","$96,416,732 "
2011,2012,Boston Celtics,91.8,35.5,77.1,46.0,5.5,15.0,36.7,15.4,19.8,77.8,7.7,31.1,38.8,23.6,14.8,7.5,5.5,4.6,"$79,820,530 ","$90,578,092 "
2012,2013,Boston Celtics,96.5,37.0,79.7,46.5,6.1,17.2,35.8,16.3,21.0,77.6,8.1,31.3,39.3,22.8,14.6,8.2,4.5,4.7,"$75,508,399 ","$84,282,350 "
2013,2014,Boston Celtics,96.2,36.5,83.9,43.5,7.0,21.1,33.3,16.2,20.8,77.7,12.0,30.5,42.5,21.0,15.4,7.1,4.2,4.5,"$70,885,503 ","$77,758,083 "
2014,2015,Boston Celtics,101.4,38.9,87.9,44.3,8.0,24.6,32.7,15.4,20.5,75.4,11.1,32.7,43.8,24.5,13.8,8.2,3.6,5.3,"$62,218,516 ","$66,865,124 "
2015,2016,Boston Celtics,105.7,39.2,89.2,43.9,8.7,26.1,33.5,18.5,23.5,78.8,11.6,33.3,44.9,24.2,13.7,9.2,4.2,5.5,"$77,141,919 ","$82,800,561 "
2016,2017,Boston Celtics,108.0,38.6,85.1,45.4,12.0,33.4,35.9,18.7,23.2,80.7,9.1,32.9,42.0,25.2,13.3,7.5,4.1,5.2,"$93,465,326 ","$99,330,698 "
2017,2018,Boston Celtics,104.0,38.3,85.1,45.0,11.5,30.4,37.7,16.0,20.7,77.1,9.4,35.1,44.5,22.5,14.0,7.4,4.5,4.4,"$115,284,776 ","$120,550,249 "
2012,2013,Brooklyn Nets,96.9,35.9,79.8,45.0,7.7,21.5,35.7,17.5,23.9,73.1,12.8,30.0,42.8,20.3,14.7,7.3,4.8,4.8,"$62,666,523 ","$73,356,896 "
2013,2014,Brooklyn Nets,98.5,35.7,77.9,45.9,8.6,23.4,36.9,18.4,24.4,75.3,8.8,29.4,38.1,20.9,14.5,8.6,3.8,4.1,"$59,366,715 ","$70,500,047 "
2014,2015,Brooklyn Nets,98.0,37.4,83.0,45.1,6.6,19.9,33.1,16.6,22.2,74.8,10.3,32.0,42.4,20.9,13.8,7.0,4.1,4.5,"$58,495,989 ","$68,741,936 "
2015,2016,Brooklyn Nets,98.6,38.2,84.4,45.3,6.5,18.4,35.2,15.7,20.7,75.7,10.5,31.9,42.4,22.3,14.8,7.6,4.0,5.2,"$65,281,235 ","$74,079,304 "
2016,2017,Brooklyn Nets,105.8,37.8,85.2,44.4,10.7,31.6,33.8,19.4,24.6,78.8,8.8,35.1,43.9,21.4,16.5,7.2,4.7,5.6,"$87,644,649 ","$97,828,818 "
2017,2018,Brooklyn Nets,106.6,38.2,86.8,44.1,12.7,35.7,35.6,17.4,22.6,77.2,9.7,34.8,44.4,23.7,15.2,6.2,4.8,5.5,"$102,589,967 ","$112,536,402 "
2008,2009,Charlotte Bobcats,93.6,35.0,76.8,45.5,6.0,16.3,36.6,17.7,24.0,74.0,10.8,28.9,39.7,21.2,15.6,7.1,4.8,6.0,"$87,817,289 ","$94,375,678 "
2009,2010,Charlotte Bobcats,95.3,34.9,76.9,45.3,5.6,16.2,34.6,20.0,26.6,75.1,10.5,30.4,40.8,20.2,15.7,7.7,5.4,6.1,"$80,258,302 ","$86,145,542 "
2010,2011,Charlotte Bobcats,93.3,35.0,77.6,45.1,4.8,14.7,32.7,18.4,24.4,75.6,10.3,29.8,40.1,21.1,14.5,6.4,5.3,6.0,"$82,391,482 ","$87,561,919 "
2011,2012,Charlotte Bobcats,87.0,33.2,80.2,41.4,4.0,13.5,29.5,16.5,22.2,74.6,10.3,28.7,39.0,20.1,14.5,6.0,5.5,5.7,"$95,475,397 ","$99,836,100 "
2012,2013,Charlotte Bobcats,93.4,34.4,81.1,42.5,5.7,17.1,33.5,18.9,25.1,75.0,11.2,29.1,40.3,19.4,14.1,7.2,5.8,6.9,"$62,866,926 ","$73,591,487 "
2013,2014,Charlotte Bobcats,96.9,36.3,82.1,44.2,6.3,17.9,35.1,18.0,24.4,73.7,9.5,33.2,42.7,21.7,12.3,6.1,5.1,5.1,"$68,681,758 ","$81,561,990 "
2014,2015,Charlotte Hornets,94.2,35.5,84.5,42.0,6.1,19.1,31.8,17.0,22.8,74.8,10.0,34.1,44.1,20.2,11.9,6.1,5.5,5.4,"$66,542,696 ","$78,198,077 "
2015,2016,Charlotte Hornets,103.4,37.0,84.4,43.9,10.6,29.4,36.2,18.7,23.7,79.0,9.0,35.0,43.9,21.7,12.5,7.3,5.3,5.5,"$57,902,024 ","$65,705,585 "
2016,2017,Charlotte Hornets,104.9,37.7,85.4,44.2,10.0,28.6,35.1,19.4,23.8,81.5,8.8,34.8,43.6,23.1,11.5,7.0,4.8,5.5,"$58,122,566 ","$64,876,315 "
2017,2018,Charlotte Hornets,108.2,39.0,86.7,45.0,10.0,27.2,36.9,20.2,27.0,74.7,10.1,35.4,45.5,21.6,12.7,6.8,4.5,4.9,"$60,395,651 ","$66,251,205 "
2008,2009,Chicago Bulls,102.2,38.1,83.5,45.7,6.0,15.8,38.1,19.9,25.0,79.6,11.8,30.3,42.1,21.1,14.5,7.5,5.5,5.5,"$66,792,937 ","$71,781,177 "
2009,2010,Chicago Bulls,97.5,37.6,83.2,45.1,4.3,13.0,33.0,18.0,23.9,75.4,11.4,33.1,44.5,20.8,14.3,6.5,5.8,5.3,"$76,860,006 ","$82,497,971 "
2010,2011,Chicago Bulls,98.6,37.1,80.3,46.2,6.2,17.3,36.1,18.2,24.5,74.3,11.8,32.4,44.2,22.3,14.2,7.2,5.7,5.8,"$103,054,004 ","$109,521,112 "
2011,2012,Chicago Bulls,96.3,37.4,82.8,45.2,6.3,16.9,37.5,15.2,21.1,72.2,13.9,32.8,46.7,23.1,14.0,6.9,5.9,5.2,"$117,382,664 ","$122,743,957 "
2012,2013,Chicago Bulls,93.2,35.7,81.7,43.7,5.4,15.4,35.3,16.4,21.2,77.3,12.5,30.7,43.2,23.0,14.3,7.2,5.1,5.8,"$68,126,774 ","$79,748,621 "
2013,2014,Chicago Bulls,93.7,34.7,80.2,43.2,6.2,17.8,34.8,18.1,23.3,77.9,11.4,32.7,44.1,22.7,14.9,7.2,5.2,6.0,"$69,700,359 ","$82,771,612 "
2014,2015,Chicago Bulls,100.8,36.6,82.9,44.2,7.9,22.3,35.3,19.7,25.2,78.3,11.7,34.0,45.7,21.7,14.0,6.3,5.8,5.4,"$54,538,076 ","$64,090,771 "
2015,2016,Chicago Bulls,101.6,38.6,87.4,44.1,7.9,21.4,37.1,16.5,21.0,78.7,11.1,35.2,46.3,22.8,13.9,6.0,5.7,5.7,"$69,548,447 ","$78,921,621 "
2016,2017,Chicago Bulls,102.9,38.6,87.1,44.4,7.6,22.3,34.0,18.0,22.5,79.8,12.2,34.1,46.3,22.6,13.6,7.8,4.8,4.6,"$74,491,280 ","$83,147,049 "
2017,2018,Chicago Bulls,102.9,38.7,88.8,43.5,11.0,31.1,35.5,14.6,19.2,75.9,9.6,35.0,44.7,23.5,14.0,7.6,3.5,5.2,"$73,336,893 ","$80,447,143 "
2008,2009,Cleveland Cavaliers,100.3,36.9,78.7,46.8,8.0,20.4,39.3,18.6,24.5,75.7,10.8,31.4,42.2,20.3,12.7,7.2,5.3,4.1,"$67,414,682 ","$72,449,358 "
2009,2010,Cleveland Cavaliers,102.1,37.8,77.9,48.5,7.3,19.3,38.1,19.1,26.6,72.0,9.6,32.8,42.5,22.4,13.9,6.9,5.2,4.0,"$87,073,838 ","$93,461,027 "
2010,2011,Cleveland Cavaliers,95.5,35.2,81.1,43.4,6.2,18.2,34.2,18.9,25.3,74.5,10.4,29.9,40.3,21.0,14.2,6.6,4.2,6.0,"$92,522,306 ","$98,328,502 "
2011,2012,Cleveland Cavaliers,93.0,34.3,81.2,42.2,6.7,19.3,34.6,17.8,24.9,71.6,12.7,29.5,42.3,19.8,15.4,7.1,4.0,6.2,"$90,466,801 ","$94,598,740 "
2012,2013,Cleveland Cavaliers,96.5,36.5,84.2,43.4,6.7,19.3,34.6,16.8,22.3,75.6,12.2,28.8,41.0,20.7,14.0,7.9,4.1,6.8,"$91,298,233 ","$106,872,938 "
2013,2014,Cleveland Cavaliers,98.2,37.0,84.8,43.7,7.1,20.0,35.6,17.0,22.7,75.1,12.1,32.1,44.1,21.2,14.2,7.1,3.7,5.6,"$83,398,534 ","$99,038,674 "
2014,2015,Cleveland Cavaliers,103.1,37.7,82.2,45.8,10.1,27.5,36.7,17.7,23.6,75.1,11.1,31.9,43.0,22.1,14.3,7.4,4.1,4.5,"$53,990,021 ","$63,446,718 "
2015,2016,Cleveland Cavaliers,104.3,38.7,84.0,46.0,10.7,29.6,36.2,16.3,21.7,74.8,10.6,33.9,44.5,22.7,13.6,6.7,3.9,4.4,"$64,875,599 ","$73,619,002 "
2016,2017,Cleveland Cavaliers,110.3,39.9,84.9,47.0,13.0,33.9,38.4,17.5,23.3,74.8,9.3,34.4,43.7,22.7,13.7,6.6,4.0,4.3,"$54,472,190 ","$60,801,765 "
2017,2018,Cleveland Cavaliers,110.9,40.4,84.8,47.6,12.0,32.1,37.2,18.1,23.3,77.9,8.5,33.7,42.1,23.4,13.7,7.1,3.8,4.1,"$66,654,061 ","$73,116,388 "
2008,2009,Dallas Mavericks,101.7,38.1,82.6,46.2,7.0,19.9,35.0,18.5,22.6,81.9,11.1,31.6,42.7,21.7,12.7,7.2,5.2,4.1,"$82,592,827 ","$88,761,039 "
2009,2010,Dallas Mavericks,102.0,38.3,82.4,46.4,6.8,18.3,37.2,18.6,22.8,81.6,10.2,31.5,41.7,23.4,12.9,7.6,5.5,4.1,"$108,300,458 ","$116,244,698 "
2010,2011,Dallas Mavericks,100.2,37.4,78.8,47.5,7.9,21.6,36.5,17.5,22.6,77.7,9.5,31.9,41.4,23.8,14.0,6.8,4.3,3.7,"$128,522,489 ","$136,587,864 "
2011,2012,Dallas Mavericks,95.8,36.3,82.0,44.3,7.5,22.2,33.9,15.6,20.2,77.1,10.1,32.7,42.8,20.9,14.0,8.6,5.1,4.0,"$137,722,926 ","$144,013,233 "
2012,2013,Dallas Mavericks,101.1,38.8,84.0,46.2,7.4,19.9,37.2,16.1,20.4,79.3,9.4,32.6,41.9,23.2,14.0,7.9,5.5,4.1,"$95,045,559 ","$111,259,524 "
2013,2014,Dallas Mavericks,104.8,39.6,83.6,47.4,8.8,22.9,38.4,16.8,21.1,79.5,10.2,30.7,40.9,23.6,13.5,8.6,4.3,3.5,"$88,916,075 ","$105,590,950 "
2014,2015,Dallas Mavericks,105.2,39.7,85.8,46.3,8.9,25.4,35.2,16.9,22.5,75.2,10.5,31.8,42.3,22.5,13.0,8.1,4.5,3.8,"$85,409,890 ","$100,369,985 "
2015,2016,Dallas Mavericks,102.3,37.4,84.1,44.4,9.8,28.6,34.4,17.7,22.3,79.4,9.2,33.9,43.1,22.1,12.8,6.8,3.7,4.4,"$77,180,233 ","$87,581,958 "
2016,2017,Dallas Mavericks,97.9,36.2,82.3,44.0,10.7,30.2,35.5,14.8,18.5,80.1,7.9,30.7,38.6,20.8,11.9,7.5,3.7,3.4,"$69,766,571 ","$77,873,331 "
2017,2018,Dallas Mavericks,102.3,38.1,85.9,44.4,11.8,32.8,36.0,14.2,18.7,76.3,8.1,33.1,41.3,22.7,12.3,7.0,3.8,4.5,"$75,012,158 ","$82,284,830 "
2008,2009,Denver Nuggets,104.3,37.3,79.4,47.0,6.7,18.0,37.1,23.1,30.3,76.0,11.0,30.6,41.6,22.2,15.3,8.7,6.0,5.5,"$84,820,225 ","$91,154,782 "
2009,2010,Denver Nuggets,106.5,38.1,81.4,46.8,6.6,18.5,35.9,23.6,30.6,77.2,10.8,30.5,41.4,21.0,13.9,8.3,5.1,5.3,"$75,397,067 ","$80,927,720 "
2010,2011,Denver Nuggets,107.5,38.4,80.6,47.6,8.1,20.8,38.8,22.7,29.6,76.5,9.6,32.3,42.0,22.1,14.1,7.4,4.3,6.0,"$102,354,966 ","$108,778,205 "
2011,2012,Denver Nuggets,104.1,39.0,81.9,47.6,6.6,19.9,33.2,19.6,26.7,73.5,11.2,31.9,43.1,24.0,15.4,8.2,5.0,6.7,"$85,440,245 ","$89,342,606 "
2012,2013,Denver Nuggets,106.1,40.7,85.2,47.8,6.4,18.5,34.3,18.4,26.2,70.1,13.3,31.7,45.0,24.4,15.3,9.3,6.5,6.8,"$70,121,003 ","$82,083,050 "
2013,2014,Denver Nuggets,104.4,38.4,85.9,44.7,8.6,23.9,35.8,19.1,26.3,72.6,12.3,33.1,45.4,22.4,15.9,7.5,5.6,5.6,"$74,935,538 ","$88,988,573 "
2014,2015,Denver Nuggets,101.5,37.8,87.3,43.3,8.0,24.8,32.5,17.8,24.3,73.4,12.3,32.4,44.7,21.8,14.2,7.8,4.5,6.1,"$68,019,290 ","$79,933,307 "
2015,2016,Denver Nuggets,101.9,37.7,85.4,44.2,8.0,23.7,33.8,18.5,24.1,76.6,11.5,33.1,44.6,22.7,14.7,7.4,4.8,6.3,"$58,553,173 ","$66,444,493 "
2016,2017,Denver Nuggets,111.7,41.2,87.7,46.9,10.6,28.8,36.8,18.7,24.2,77.4,11.8,34.6,46.4,25.3,15.0,6.9,3.9,4.9,"$63,444,254 ","$70,816,373 "
2017,2018,Denver Nuggets,110.0,40.7,86.6,47.0,11.5,30.9,37.1,17.1,22.3,76.7,11.0,33.5,44.5,25.1,15.0,7.6,4.9,4.8,"$65,782,065 ","$72,159,850 "
2008,2009,Detroit Pistons,94.2,36.4,80.0,45.4,4.6,13.2,34.9,16.9,22.5,75.1,11.6,29.9,41.4,20.6,11.9,6.0,4.6,4.2,"$56,820,307 ","$61,063,768 "
2009,2010,Detroit Pistons,94.0,35.9,80.5,44.5,4.6,14.5,31.4,17.7,24.4,72.8,12.8,27.3,40.2,19.4,13.4,7.3,3.8,4.9,"$72,589,023 ","$77,913,691 "
2010,2011,Detroit Pistons,97.0,37.3,81.1,46.0,5.8,15.3,37.6,16.7,22.6,73.7,11.4,27.3,38.6,21.1,13.0,7.3,4.0,4.6,"$83,836,460 ","$89,097,579 "
2011,2012,Detroit Pistons,90.9,34.7,79.3,43.8,4.8,13.9,34.6,16.6,22.1,75.2,11.7,28.5,40.3,18.7,15.7,7.0,4.2,5.3,"$107,543,599 ","$112,455,503 "
2012,2013,Detroit Pistons,94.9,36.3,81.0,44.9,6.3,17.6,35.6,15.9,22.8,69.9,12.1,30.0,42.1,21.2,15.1,7.0,4.9,5.8,"$71,434,174 ","$83,620,237 "
2013,2014,Detroit Pistons,101.0,38.8,86.9,44.7,6.2,19.3,32.1,17.3,25.7,67.0,14.6,30.8,45.4,20.9,14.5,8.4,4.8,4.9,"$60,185,833 ","$71,472,780 "
2014,2015,Detroit Pistons,98.5,37.1,85.8,43.2,8.6,24.9,34.4,15.8,22.4,70.3,12.8,32.1,44.9,21.6,13.4,7.6,4.7,4.8,"$65,517,821 ","$76,993,690 "
2015,2016,Detroit Pistons,102.0,37.9,86.4,43.9,9.0,26.2,34.5,17.1,25.5,66.8,12.5,33.9,46.3,19.4,13.5,7.0,3.7,4.5,"$70,923,605 ","$80,482,110 "
2016,2017,Detroit Pistons,101.3,39.9,88.8,44.9,7.7,23.4,33.0,13.9,19.3,71.9,11.1,34.6,45.7,21.1,11.9,7.0,3.8,4.1,"$68,807,497 ","$76,802,817 "
2017,2018,Detroit Pistons,103.8,39.1,86.9,45.0,10.8,28.9,37.3,14.7,19.8,74.5,10.1,33.6,43.7,22.8,13.4,7.7,3.9,4.9,"$62,387,432 ","$68,436,097 "
2008,2009,Golden State Warriors,108.6,39.4,86.0,45.8,6.7,18.0,37.3,23.1,29.2,79.1,11.6,30.4,42.0,20.9,14.6,7.8,6.4,5.0,"$67,410,675 ","$72,445,049 "
2009,2010,Golden State Warriors,108.8,40.6,86.5,46.9,7.7,20.6,37.5,19.9,25.4,78.2,9.2,29.2,38.4,22.4,14.7,9.3,4.1,5.0,"$77,256,014 ","$82,923,025 "
2010,2011,Golden State Warriors,103.4,39.6,85.9,46.1,8.4,21.3,39.2,15.7,20.7,76.1,11.6,28.9,40.5,22.5,14.6,9.0,5.0,4.3,"$106,492,988 ","$113,175,909 "
2011,2012,Golden State Warriors,97.8,37.7,82.5,45.7,7.9,20.5,38.8,14.4,18.7,77.0,9.7,29.5,39.2,22.3,13.9,8.0,5.5,5.0,"$119,773,191 ","$125,243,666 "
2012,2013,Golden State Warriors,101.2,38.2,83.4,45.8,8.0,19.9,40.3,16.8,21.3,79.0,10.8,34.2,45.0,22.5,15.1,6.9,4.2,4.9,"$67,416,431 ","$78,917,097 "
2013,2014,Golden State Warriors,104.3,39.5,85.4,46.2,9.4,24.8,38.0,15.9,21.1,75.3,10.9,34.4,45.3,23.3,15.2,7.8,5.0,4.2,"$65,352,372 ","$77,608,224 "
2014,2015,Golden State Warriors,110.0,41.6,87.0,47.8,10.8,27.0,39.8,16.0,20.8,76.8,10.4,34.3,44.7,27.4,14.5,9.3,6.0,3.6,"$68,415,336 ","$80,398,723 "
2015,2016,Golden State Warriors,114.9,42.5,87.3,48.7,13.1,31.6,41.6,16.7,21.8,76.3,10.0,36.2,46.2,28.9,15.2,8.4,6.1,4.1,"$61,576,901 ","$69,875,734 "
2016,2017,Golden State Warriors,115.9,43.1,87.1,49.5,12.0,31.2,38.3,17.8,22.6,78.8,9.4,35.0,44.4,30.4,14.8,9.6,6.8,3.8,"$70,036,985 ","$78,175,171 "
2017,2018,Golden State Warriors,113.5,42.8,85.1,50.3,11.3,28.9,39.1,16.6,20.3,81.5,8.4,35.1,43.5,29.3,15.4,8.0,7.5,3.7,"$72,503,122 ","$79,532,534 "
2008,2009,Houston Rockets,98.4,36.1,79.6,45.3,7.6,20.2,37.5,18.7,23.2,80.5,10.5,32.5,43.0,20.3,14.1,6.7,4.3,5.3,"$73,611,166 ","$79,108,608 "
2009,2010,Houston Rockets,102.4,37.7,84.4,44.7,7.9,22.4,35.1,19.0,24.7,77.2,11.8,30.1,42.0,21.8,14.5,7.1,3.9,6.5,"$93,669,566 ","$100,540,577 "
2010,2011,Houston Rockets,105.9,38.7,85.1,45.4,8.3,22.5,36.7,20.3,25.4,80.1,11.7,31.1,42.8,23.8,13.5,7.1,4.5,5.5,"$101,584,835 ","$107,959,743 "
2011,2012,Houston Rockets,98.1,37.7,84.0,44.9,7.2,20.2,35.9,15.4,19.7,78.2,11.7,30.5,42.2,21.3,14.5,7.5,4.8,5.2,"$137,610,134 ","$143,895,289 "
2012,2013,Houston Rockets,106.0,38.1,82.7,46.1,10.6,28.9,36.6,19.2,25.5,75.4,11.1,32.3,43.4,23.2,16.4,8.3,4.4,6.1,"$73,302,272 ","$85,807,014 "
2013,2014,Houston Rockets,107.7,38.0,80.5,47.2,9.5,26.6,35.8,22.1,31.1,71.2,11.2,34.1,45.3,21.4,16.1,7.6,5.6,5.6,"$69,095,315 ","$82,053,099 "
2014,2015,Houston Rockets,103.9,37.0,83.3,44.4,11.4,32.7,34.8,18.6,26.0,71.5,11.7,32.0,43.7,22.2,16.7,9.5,5.0,5.3,"$72,315,654 ","$84,982,206 "
2015,2016,Houston Rockets,106.5,37.7,83.5,45.2,10.7,30.9,34.7,20.4,29.4,69.4,11.3,31.7,43.1,22.2,15.9,10.0,5.2,4.9,"$57,021,755 ","$64,706,681 "
2016,2017,Houston Rockets,115.3,40.3,87.2,46.2,14.4,40.3,35.7,20.3,26.5,76.6,10.9,33.5,44.4,25.2,15.1,8.2,4.3,5.0,"$48,048,265 ","$53,631,389 "
2017,2018,Houston Rockets,112.4,38.7,84.2,46.0,15.3,42.3,36.2,19.6,25.1,78.1,9.0,34.5,43.5,21.5,13.8,8.5,4.8,4.4,"$57,823,063 ","$63,429,195 "
2008,2009,Indiana Pacers,105.1,39.3,86.3,45.5,8.0,21.0,37.8,18.6,23.0,80.7,11.3,32.5,43.7,21.6,14.5,7.0,5.3,5.4,"$76,849,302 ","$82,588,574 "
2009,2010,Indiana Pacers,100.8,36.8,83.2,44.3,8.0,23.1,34.8,19.1,24.6,77.5,9.6,31.9,41.5,21.1,15.0,7.1,5.4,5.0,"$87,504,058 ","$93,922,804 "
2010,2011,Indiana Pacers,99.8,36.6,82.8,44.2,7.1,20.2,35.4,19.4,24.8,78.2,11.1,32.4,43.5,19.6,15.4,7.1,5.6,5.7,"$90,956,067 ","$96,663,975 "
2011,2012,Indiana Pacers,97.7,35.7,81.4,43.8,5.9,16.1,36.8,20.4,26.1,78.2,12.5,31.4,43.9,18.6,14.0,7.9,5.4,6.0,"$119,905,532 ","$125,382,049 "
2012,2013,Indiana Pacers,94.7,35.1,80.6,43.6,6.9,19.7,34.7,17.6,23.6,74.6,12.9,33.0,45.9,20.3,15.1,7.2,6.3,5.7,"$69,668,818 ","$81,553,724 "
2013,2014,Indiana Pacers,96.7,36.0,80.2,44.9,6.7,18.8,35.7,18.1,23.3,77.9,10.2,34.5,44.7,20.1,15.1,6.7,5.4,4.6,"$66,733,257 ","$79,248,074 "
2014,2015,Indiana Pacers,97.3,36.6,83.2,43.9,7.5,21.2,35.2,16.7,22.2,75.6,10.4,34.4,44.9,21.4,14.0,6.2,4.6,4.7,"$65,088,630 ","$76,489,322 "
2015,2016,Indiana Pacers,102.2,38.3,85.2,45.0,8.1,23.0,35.1,17.4,22.8,76.4,10.3,33.9,44.2,21.2,14.9,9.0,4.8,4.5,"$51,554,083 ","$58,502,121 "
2016,2017,Indiana Pacers,105.1,39.3,84.5,46.5,8.6,23.0,37.6,17.9,22.1,81.0,9.0,33.0,42.0,22.5,13.8,8.2,5.0,5.0,"$66,107,195 ","$73,788,745 "
2017,2018,Indiana Pacers,105.6,40.8,86.4,47.2,9.0,24.5,36.9,14.9,19.2,77.9,9.6,32.7,42.3,22.2,13.3,8.8,4.1,5.2,"$67,182,414 ","$73,695,967 "
2015,2016,LA Clippers,104.5,38.3,82.4,46.5,9.7,26.7,36.4,18.2,26.2,69.2,8.8,33.3,42.0,22.8,13.0,8.6,5.6,3.2,"$74,793,526 ","$80,379,271 "
2016,2017,LA Clippers,108.7,39.5,83.2,47.5,10.3,27.4,37.5,19.3,26.0,74.5,9.0,34.0,43.0,22.5,13.0,7.5,4.2,3.1,"$71,605,233 ","$76,857,739 "
2017,2018,LA Clippers,109.0,40.3,85.4,47.1,9.5,26.8,35.4,19.0,25.5,74.3,10.1,33.7,43.9,22.3,14.7,7.7,4.5,5.6,"$90,279,072 ","$95,944,493 "
2008,2009,Los Angeles Clippers,95.1,36.0,81.7,44.1,6.5,18.5,35.4,16.5,22.4,73.6,10.9,29.0,39.8,21.0,14.9,7.0,5.9,5.0,"$95,271,736 ","$99,623,136 "
2009,2010,Los Angeles Clippers,95.7,36.6,80.5,45.5,5.9,17.8,33.2,16.6,22.8,73.0,11.3,30.5,41.8,22.1,15.7,6.5,5.7,4.4,"$62,764,206 ","$73,471,242 "
2010,2011,Los Angeles Clippers,98.6,36.8,80.4,45.7,6.3,18.5,33.8,18.9,26.7,70.7,11.6,30.5,42.1,22.1,16.4,7.1,4.9,4.9,"$61,616,409 ","$73,171,636 "
2011,2012,Los Angeles Clippers,97.5,37.0,81.3,45.5,7.8,21.8,35.7,15.8,23.3,68.0,12.1,29.4,41.6,21.0,13.3,8.4,4.8,4.5,"$53,225,329 ","$62,548,088 "
2012,2013,Los Angeles Clippers,101.1,38.5,80.6,47.8,7.6,21.4,35.8,16.4,23.0,71.1,11.4,30.2,41.6,23.9,14.6,9.6,5.6,4.1,"$67,333,389 ","$76,408,033 "
2013,2014,Los Angeles Clippers,107.9,39.1,82.5,47.4,8.5,24.0,35.2,21.2,29.1,73.0,10.5,32.5,43.0,24.6,13.9,8.6,4.8,3.5,"$69,152,721 ","$77,188,154 "
2014,2015,Los Angeles Clippers,106.7,39.4,83.3,47.3,10.1,26.9,37.6,17.9,25.2,71.0,9.6,33.1,42.6,24.8,12.3,7.8,5.0,3.0,"$73,049,774 ","$80,132,187 "
2008,2009,Los Angeles Lakers,106.9,40.3,85.1,47.4,6.7,18.5,36.1,19.6,25.5,77.0,12.4,31.5,43.9,23.3,13.5,8.8,5.1,4.8,"$85,259,447 ","$91,626,808 "
2009,2010,Los Angeles Lakers,101.7,38.3,83.8,45.7,6.5,19.0,34.1,18.5,24.2,76.5,11.9,32.5,44.3,21.1,13.4,7.5,4.9,4.4,"$97,019,321 ","$104,136,046 "
2010,2011,Los Angeles Lakers,101.5,38.1,82.4,46.3,6.4,18.1,35.2,18.8,24.1,77.9,12.1,31.9,44.0,22.0,13.1,7.3,5.1,4.5,"$114,756,766 ","$121,958,281 "
2011,2012,Los Angeles Lakers,97.3,36.8,80.6,45.7,5.5,16.8,32.6,18.2,24.1,75.6,12.1,34.1,46.2,22.5,15.1,5.9,5.3,4.6,"$119,093,010 ","$124,532,419 "
2012,2013,Los Angeles Lakers,102.2,37.1,81.0,45.8,8.7,24.6,35.5,19.3,27.9,69.2,11.5,33.3,44.8,22.2,15.0,7.0,5.2,4.8,"$78,245,793 ","$91,593,858 "
2013,2014,Los Angeles Lakers,103.0,38.3,85.1,45.0,9.4,24.8,38.1,17.0,22.4,75.7,9.1,32.0,41.0,24.5,15.1,7.5,5.4,4.7,"$91,378,064 ","$108,514,646 "
2014,2015,Los Angeles Lakers,98.5,37.2,85.6,43.5,6.5,18.9,34.4,17.5,23.6,74.1,11.6,32.3,43.9,20.9,13.2,7.0,4.5,4.8,"$91,428,140 ","$107,442,371 "
2015,2016,Los Angeles Lakers,97.3,35.1,84.8,41.4,7.8,24.6,31.7,19.3,24.7,78.1,10.7,32.3,43.0,18.0,13.7,7.2,4.1,5.6,"$88,264,478 ","$100,160,046 "
2016,2017,Los Angeles Lakers,104.6,39.3,87.4,45.0,8.9,25.7,34.6,17.0,22.6,75.4,11.4,32.1,43.5,20.9,15.2,8.2,3.9,5.4,"$100,131,988 ","$111,767,168 "
2017,2018,Los Angeles Lakers,108.1,40.7,88.4,46.1,10.0,29.1,34.5,16.6,23.3,71.4,10.7,35.7,46.4,23.8,15.8,7.7,4.7,5.5,"$77,423,614 ","$84,930,083 "
2008,2009,Memphis Grizzlies,93.9,34.9,77.0,45.4,4.9,13.5,36.0,19.1,25.3,75.6,10.3,28.5,38.8,17.4,15.3,7.5,4.7,5.4,"$77,546,500 ","$83,337,839 "
2009,2010,Memphis Grizzlies,102.5,39.3,83.8,46.9,4.2,12.4,33.7,19.7,26.9,73.3,13.0,30.4,43.5,18.8,15.2,7.9,4.9,6.1,"$72,694,352 ","$78,026,750 "
2010,2011,Memphis Grizzlies,99.9,39.0,82.9,47.1,3.8,11.3,33.4,18.1,24.2,75.0,11.8,29.2,41.0,20.6,14.0,9.4,5.4,6.2,"$94,781,848 ","$100,729,840 "
2011,2012,Memphis Grizzlies,95.0,36.7,82.2,44.7,4.2,12.9,32.6,17.3,22.8,75.9,12.6,29.5,42.0,19.5,14.5,9.6,5.2,5.5,"$103,126,557 ","$107,836,717 "
2012,2013,Memphis Grizzlies,93.4,36.1,81.5,44.4,4.7,13.5,34.5,16.5,21.3,77.3,12.9,29.8,42.7,20.9,14.0,8.6,5.3,5.5,"$55,958,148 ","$65,504,128 "
2013,2014,Memphis Grizzlies,96.1,38.1,82.0,46.4,4.9,14.0,35.3,15.1,20.3,74.1,11.6,30.8,42.4,21.9,13.7,7.7,4.6,5.0,"$57,287,474 ","$68,030,871 "
2014,2015,Memphis Grizzlies,98.3,37.8,82.5,45.8,5.2,15.2,33.9,17.6,22.8,77.3,10.4,32.1,42.6,21.7,13.3,8.5,4.2,5.2,"$70,241,344 ","$82,544,566 "
2015,2016,Memphis Grizzlies,99.1,36.8,83.6,44.0,6.1,18.5,33.1,19.3,24.7,78.3,11.2,30.5,41.6,20.7,13.3,8.8,4.3,5.7,"$70,628,007 ","$80,146,672 "
2016,2017,Memphis Grizzlies,100.5,36.4,83.6,43.5,9.4,26.5,35.4,18.3,23.4,78.4,10.8,32.0,42.8,21.3,12.9,8.0,4.2,5.0,"$63,054,115 ","$70,380,900 "
2017,2018,Memphis Grizzlies,99.3,36.7,82.8,44.4,9.2,26.2,35.2,16.6,21.1,78.6,9.5,31.0,40.5,21.5,15.0,7.5,4.8,5.1,"$71,992,885 ","$78,972,831 "
2008,2009,Miami Heat,98.3,37.0,81.0,45.7,7.1,19.9,35.7,17.2,22.8,75.4,10.1,29.4,39.5,20.4,12.5,7.9,5.5,4.1,"$75,158,730 ","$80,771,746 "
2009,2010,Miami Heat,96.5,36.4,79.5,45.8,6.0,17.4,34.6,17.7,23.5,75.2,10.7,31.1,41.8,18.9,13.2,7.4,5.6,4.3,"$83,223,881 ","$89,328,654 "
2010,2011,Miami Heat,102.1,37.0,76.8,48.1,6.7,18.0,37.0,21.5,27.9,76.9,9.6,32.5,42.1,20.0,13.9,6.6,5.2,3.0,"$110,083,520 ","$116,991,763 "
2011,2012,Miami Heat,98.5,37.1,79.0,46.9,5.6,15.6,35.9,18.8,24.2,77.5,10.4,31.2,41.6,20.0,15.2,8.9,5.4,4.2,"$110,700,149 ","$115,756,221 "
2012,2013,Miami Heat,102.9,38.4,77.4,49.6,8.7,22.1,39.6,17.4,23.0,75.4,8.2,30.4,38.6,23.0,13.9,8.7,5.4,3.2,"$70,297,059 ","$82,289,138 "
2013,2014,Miami Heat,102.2,38.3,76.5,50.1,8.1,22.3,36.4,17.5,23.0,76.0,7.6,29.2,36.9,22.5,14.8,8.9,4.5,3.1,"$74,208,013 ","$88,124,608 "
2014,2015,Miami Heat,94.7,35.2,77.2,45.6,6.8,20.2,33.5,17.5,23.7,74.1,9.1,30.0,39.1,19.8,14.8,7.8,4.5,4.4,"$66,205,855 ","$77,802,235 "
2015,2016,Miami Heat,100.0,38.4,81.7,47.0,6.1,18.0,33.6,17.1,23.0,74.4,9.8,34.3,44.1,20.8,14.1,6.7,6.5,4.1,"$75,469,639 ","$85,640,823 "
2016,2017,Miami Heat,103.2,39.0,85.8,45.5,9.9,27.0,36.5,15.2,21.6,70.6,10.6,33.0,43.6,21.2,13.4,7.2,5.7,4.9,"$80,427,933 ","$89,773,532 "
2017,2018,Miami Heat,103.4,38.8,85.3,45.5,11.0,30.6,36.0,14.7,19.5,75.5,9.3,34.2,43.5,22.7,14.4,7.6,5.3,4.6,"$80,841,617 ","$88,679,476 "
2008,2009,Milwaukee Bucks,99.3,36.7,82.4,44.5,6.2,17.2,36.3,19.7,25.2,78.0,11.9,28.9,40.7,22.0,14.1,7.4,3.8,4.6,"$75,813,041 ","$81,474,926 "
2009,2010,Milwaukee Bucks,97.7,37.2,85.3,43.6,7.9,22.1,35.6,15.4,20.4,75.5,11.8,31.2,43.0,21.2,13.2,7.1,4.7,5.1,"$85,764,781 ","$92,055,943 "
2010,2011,Milwaukee Bucks,91.9,34.3,79.8,43.0,5.9,17.2,34.2,17.4,22.9,75.7,10.5,30.2,40.8,18.8,13.5,7.5,4.9,4.8,"$100,740,770 ","$107,062,710 "
2011,2012,Milwaukee Bucks,99.0,37.9,85.6,44.3,6.6,19.2,34.5,16.6,21.4,77.4,12.4,30.0,42.5,23.5,14.1,8.3,5.1,4.5,"$133,624,374 ","$139,727,484 "
2012,2013,Milwaukee Bucks,98.9,38.1,87.8,43.5,7.3,20.4,36.0,15.3,20.7,73.6,13.0,30.9,44.0,22.9,14.1,8.4,6.7,4.4,"$71,360,656 ","$83,534,178 "
2013,2014,Milwaukee Bucks,95.5,36.0,82.2,43.8,6.7,18.9,35.3,16.8,22.5,74.7,11.8,29.3,41.1,21.5,15.1,6.6,4.9,5.0,"$66,775,602 ","$79,298,360 "
2014,2015,Milwaukee Bucks,97.8,37.6,82.0,45.9,6.6,18.3,36.3,16.0,21.1,75.7,10.7,31.4,42.1,23.6,16.7,9.6,4.9,4.8,"$69,076,690 ","$81,175,915 "
2015,2016,Milwaukee Bucks,99.0,38.4,82.2,46.7,5.4,15.6,34.5,17.0,22.7,74.7,10.5,31.2,41.7,23.1,15.2,8.2,5.8,5.6,"$60,192,388 ","$68,304,625 "
2016,2017,Milwaukee Bucks,103.6,38.8,81.9,47.4,8.8,23.7,37.0,17.2,22.4,76.8,8.8,31.6,40.4,24.2,14.0,8.1,5.3,4.6,"$62,410,041 ","$69,661,986 "
2017,2018,Milwaukee Bucks,106.5,39.7,83.0,47.8,8.8,24.7,35.5,18.3,23.4,78.3,8.4,31.5,39.8,23.2,13.8,8.8,5.4,4.5,"$54,400,846 ","$59,675,181 "
2008,2009,Minnesota Timberwolves,97.8,36.4,82.5,44.1,6.6,18.8,35.3,18.3,23.9,76.9,11.9,29.8,41.7,20.4,14.2,6.2,3.9,5.9,"$54,473,275 ","$58,541,453 "
2009,2010,Minnesota Timberwolves,98.2,37.9,84.4,44.9,4.9,14.4,34.1,17.5,23.5,74.6,11.7,31.2,42.9,19.8,16.3,7.3,3.7,5.4,"$73,843,541 ","$79,260,236 "
2010,2011,Minnesota Timberwolves,101.1,37.7,85.5,44.1,7.2,19.1,37.6,18.5,24.1,76.8,13.2,31.2,44.4,20.1,17.0,7.2,5.1,5.5,"$96,245,877 ","$102,285,744 "
2011,2012,Minnesota Timberwolves,97.9,35.7,82.3,43.3,7.2,21.6,33.2,19.4,25.2,77.1,12.1,31.7,43.7,19.5,15.2,6.6,4.4,5.7,"$120,521,249 ","$126,025,887 "
2012,2013,Minnesota Timberwolves,95.7,35.9,81.7,43.9,5.5,18.0,30.5,18.5,24.9,74.2,11.9,30.2,42.0,22.4,14.8,8.5,4.7,5.9,"$66,445,144 ","$77,780,119 "
2013,2014,Minnesota Timberwolves,106.9,38.9,87.5,44.4,7.3,21.4,34.1,21.8,28.1,77.8,12.5,32.2,44.7,23.9,13.9,8.8,3.6,5.6,"$62,253,360 ","$73,928,037 "
2014,2015,Minnesota Timberwolves,97.8,36.4,83.2,43.8,5.0,14.9,33.2,20.0,25.7,77.6,11.6,29.3,40.9,21.6,15.0,8.1,4.0,5.5,"$53,461,123 ","$62,825,180 "
2015,2016,Minnesota Timberwolves,102.4,37.7,81.3,46.4,5.5,16.4,33.8,21.4,27.0,79.2,10.0,31.5,41.6,23.4,15.0,8.0,4.6,5.2,"$56,844,339 ","$64,505,355 "
2016,2017,Minnesota Timberwolves,105.6,39.5,84.4,46.7,7.3,21.0,34.9,19.3,24.2,79.9,11.4,31.0,42.4,23.7,14.0,8.0,4.5,5.0,"$64,329,748 ","$71,804,760 "
2017,2018,Minnesota Timberwolves,109.5,41.0,86.1,47.6,8.0,22.5,35.7,19.4,24.1,80.4,10.3,31.6,42.0,22.7,12.5,8.4,4.2,4.7,"$68,564,040 ","$75,211,546 "
2008,2009,New Jersey Nets,98.1,35.7,79.7,44.8,8.0,21.2,37.6,18.8,24.1,77.9,10.4,29.5,39.8,20.0,13.1,6.8,4.8,4.8,"$69,378,954 ","$74,560,321 "
2009,2010,New Jersey Nets,92.4,34.3,79.9,42.9,4.6,14.5,31.8,19.2,24.6,78.0,10.9,28.8,39.7,18.8,14.4,7.0,4.8,5.1,"$72,287,243 ","$77,589,778 "
2010,2011,New Jersey Nets,94.2,35.6,81.0,44.0,5.6,16.3,34.3,17.4,22.9,75.9,11.1,29.8,40.8,21.0,14.0,5.6,4.7,4.6,"$83,527,580 ","$88,769,315 "
2011,2012,New Jersey Nets,93.1,34.3,80.6,42.5,7.7,22.4,34.2,16.9,21.7,77.7,11.9,28.5,40.3,19.9,15.1,7.5,3.9,5.0,"$116,075,131 ","$121,376,702 "
2008,2009,New Orleans Hornets,95.8,35.5,77.6,45.7,6.8,18.6,36.4,18.0,22.4,80.7,9.8,29.9,39.7,19.6,12.5,7.2,4.1,3.5,"$67,530,808 ","$79,050,989 "
2009,2010,New Orleans Hornets,100.2,38.8,83.4,46.4,7.0,19.2,36.3,15.8,20.3,77.8,10.4,29.9,40.3,22.3,13.5,7.6,3.7,4.5,"$70,163,827 ","$83,321,997 "
2010,2011,New Orleans Hornets,94.9,35.9,78.2,45.9,5.4,15.0,36.0,17.7,23.1,76.5,10.0,30.1,40.1,20.6,13.0,7.6,4.4,4.8,"$68,230,729 ","$80,181,781 "
2011,2012,New Orleans Hornets,89.6,34.8,77.3,45.1,3.9,11.8,33.3,16.0,21.2,75.7,11.0,30.2,41.1,20.7,15.5,7.4,4.8,5.8,"$65,441,008 ","$74,260,613 "
2012,2013,New Orleans Hornets,94.1,36.0,80.4,44.8,6.5,18.0,36.3,15.5,20.0,77.6,12.0,29.6,41.6,21.0,14.5,6.3,5.4,6.0,"$64,134,537 ","$71,586,865 "
2013,2014,New Orleans Pelicans,99.7,37.8,82.5,45.9,5.9,15.9,37.3,18.2,23.6,76.9,11.4,30.3,41.7,21.3,13.8,7.9,6.4,6.1,"$67,358,651 ","$73,889,290 "
2014,2015,New Orleans Pelicans,99.4,37.9,82.9,45.7,7.1,19.3,37.0,16.4,21.8,75.1,11.5,32.0,43.5,22.0,13.3,6.7,6.2,5.8,"$80,012,866 ","$85,988,398 "
2015,2016,New Orleans Pelicans,102.7,38.5,85.9,44.8,8.6,23.8,36.0,17.3,22.2,77.6,9.5,33.1,42.6,22.2,13.4,7.7,4.2,5.2,"$83,709,371 ","$89,849,758 "
2016,2017,New Orleans Pelicans,104.3,39.1,87.0,45.0,9.4,26.8,35.0,16.7,22.3,75.0,8.6,35.1,43.7,22.8,12.9,7.8,5.5,4.2,"$101,616,451 ","$107,993,343 "
2017,2018,New Orleans Pelicans,111.7,42.7,88.3,48.3,10.2,28.2,36.2,16.1,20.9,77.2,8.7,35.6,44.3,26.8,14.9,8.0,5.9,4.2,"$120,814,452 ","$126,332,484 "
2008,2009,New York Knicks,105.2,38.5,86.5,44.5,10.0,27.9,36.0,18.2,23.2,78.4,11.1,31.0,42.1,21.2,14.3,7.4,2.5,5.3,"$96,643,646 ","$113,130,233 "
2009,2010,New York Knicks,102.1,38.1,83.9,45.5,9.1,26.2,34.6,16.8,21.5,78.2,10.2,30.2,40.4,21.6,14.0,7.1,3.7,4.5,"$85,710,076 ","$101,783,713 "
2010,2011,New York Knicks,106.5,38.3,83.7,45.7,9.3,25.4,36.8,20.6,25.5,80.9,10.3,30.1,40.5,21.4,13.7,7.6,5.8,4.4,"$67,016,562 ","$78,754,945 "
2011,2012,New York Knicks,97.8,35.8,80.8,44.3,7.8,23.3,33.6,18.3,24.8,74.1,11.3,30.5,41.7,20.1,16.0,9.4,4.2,5.1,"$77,093,212 ","$87,483,210 "
2012,2013,New York Knicks,100.0,36.5,81.6,44.8,10.9,28.9,37.6,16.0,21.1,75.9,10.9,29.7,40.6,19.3,12.0,8.2,3.6,4.0,"$79,977,119 ","$89,270,334 "
2013,2014,New York Knicks,98.6,36.9,82.2,44.9,9.3,24.9,37.2,15.5,20.4,76.1,10.6,29.7,40.3,20.0,13.0,7.7,4.5,3.4,"$89,072,787 ","$97,708,684 "
2014,2015,New York Knicks,91.9,35.1,82.0,42.8,6.8,19.7,34.7,14.8,19.2,76.9,10.6,29.8,40.4,21.3,14.7,7.0,4.7,4.3,"$81,369,219 ","$87,446,049 "
2015,2016,New York Knicks,98.4,36.9,84.0,43.9,7.4,21.5,34.6,17.2,21.4,80.5,10.4,34.0,44.4,20.5,13.4,5.7,5.7,4.2,"$74,237,021 ","$79,682,579 "
2016,2017,New York Knicks,104.3,39.6,88.5,44.7,8.6,24.7,34.8,16.6,21.1,78.8,12.0,33.2,45.2,21.8,13.9,7.1,5.5,4.6,"$102,593,418 ","$109,031,624 "
2017,2018,New York Knicks,104.5,40.7,87.7,46.4,8.2,23.3,35.2,14.9,19.0,78.7,10.5,33.6,44.0,23.3,14.7,6.7,5.1,4.7,"$105,403,130 ","$110,217,272 "
2008,2009,Oklahoma City Thunder,97.0,36.6,81.9,44.7,4.0,11.6,34.6,19.8,25.2,78.6,12.2,30.5,42.6,20.3,16.2,7.4,4.5,5.0,"$68,341,605 ","$80,000,097 "
2009,2010,Oklahoma City Thunder,101.5,37.4,80.8,46.2,5.1,15.0,34.0,21.7,27.0,80.5,11.7,31.8,43.5,20.0,15.0,8.0,5.9,4.7,"$58,578,614 ","$69,564,148 "
2010,2011,Oklahoma City Thunder,104.8,37.4,80.6,46.4,5.9,17.1,34.7,24.1,29.3,82.3,11.0,31.8,42.8,20.4,14.1,8.0,5.9,4.3,"$55,922,488 ","$65,717,669 "
2011,2012,Oklahoma City Thunder,103.1,37.3,79.2,47.1,7.2,20.0,35.8,21.3,26.4,80.6,11.0,32.7,43.7,18.5,16.3,7.5,8.2,4.9,"$59,501,709 ","$67,520,863 "
2012,2013,Oklahoma City Thunder,105.7,38.1,79.3,48.1,7.3,19.4,37.7,22.2,26.8,82.8,10.4,33.2,43.6,21.4,15.3,8.3,7.6,3.9,"$68,924,100 ","$76,932,970 "
2013,2014,Oklahoma City Thunder,106.2,39.0,82.7,47.1,8.1,22.4,36.1,20.2,25.0,80.6,10.8,33.9,44.7,21.9,15.3,8.3,6.1,3.6,"$71,653,401 ","$78,600,431 "
2014,2015,Oklahoma City Thunder,104.0,38.8,86.8,44.7,7.7,22.7,33.9,18.6,24.6,75.4,12.8,34.7,47.5,20.5,14.7,7.3,5.5,4.6,"$80,408,520 ","$86,413,604 "
2015,2016,Oklahoma City Thunder,110.2,41.1,86.4,47.6,8.3,23.7,34.9,19.7,25.2,78.2,13.1,35.6,48.6,23.0,15.9,7.4,5.9,4.5,"$95,708,387 ","$102,728,953 "
2016,2017,Oklahoma City Thunder,106.6,39.5,87.4,45.2,8.4,25.8,32.7,19.2,25.8,74.5,12.2,34.4,46.6,21.0,15.0,7.9,5.0,5.5,"$91,230,089 ","$96,955,191 "
2017,2018,Oklahoma City Thunder,107.9,39.9,88.1,45.3,10.7,30.4,35.4,17.3,24.2,71.6,12.5,32.6,45.1,21.3,14.0,9.1,5.0,4.6,"$134,534,640 ","$140,679,326 "
2008,2009,Orlando Magic,101.0,35.7,78.2,45.7,10.0,26.2,38.1,19.6,27.5,71.5,10.0,33.3,43.3,19.4,13.9,7.0,5.4,3.8,"$69,672,979 ","$81,558,597 "
2009,2010,Orlando Magic,102.8,36.6,78.0,47.0,10.3,27.3,37.5,19.2,26.5,72.4,9.9,33.4,43.2,19.7,14.1,6.2,5.6,3.5,"$82,200,916 ","$97,616,464 "
2010,2011,Orlando Magic,99.2,36.0,78.2,46.1,9.4,25.6,36.6,17.7,25.6,69.2,10.5,32.7,43.2,20.0,14.9,6.7,4.7,3.8,"$90,770,804 ","$106,669,901 "
2011,2012,Orlando Magic,94.2,34.5,78.2,44.1,10.2,27.0,37.5,15.1,22.8,66.0,11.2,31.2,42.5,20.0,14.9,6.8,4.2,4.1,"$87,955,505 ","$99,809,433 "
2012,2013,Orlando Magic,94.1,37.7,84.2,44.8,6.2,18.7,32.9,12.5,16.6,75.5,10.9,31.9,42.7,22.8,14.5,6.4,4.4,5.2,"$66,557,496 ","$74,291,370 "
2013,2014,Orlando Magic,96.5,36.9,82.7,44.5,6.9,19.5,35.3,15.9,20.9,76.3,9.7,32.4,42.0,21.0,14.9,7.7,4.3,5.4,"$56,948,031 ","$62,469,324 "
2014,2015,Orlando Magic,95.7,37.5,82.8,45.3,6.8,19.5,34.7,13.9,19.1,72.9,10.0,31.8,41.8,20.6,14.9,7.9,3.8,5.4,"$59,629,210 ","$64,082,446 "
2015,2016,Orlando Magic,102.1,39.5,86.8,45.5,7.8,22.2,35.0,15.2,20.1,75.7,10.3,33.0,43.3,23.6,14.1,8.2,5.1,5.5,"$63,199,651 ","$67,835,576 "
2016,2017,Orlando Magic,101.1,38.3,87.0,44.0,8.5,26.1,32.8,16.0,21.4,74.7,9.8,33.3,43.2,22.2,13.3,7.1,4.8,5.1,"$104,096,951 ","$110,629,512 "
2017,2018,Orlando Magic,103.4,38.8,85.9,45.2,10.3,29.3,35.1,15.5,20.5,75.7,8.8,32.8,41.6,23.4,14.5,7.6,4.9,4.9,"$98,700,258 ","$103,208,254 "
2008,2009,Philadelphia 76ers,97.4,36.5,79.7,45.9,4.2,13.1,31.8,20.1,27.0,74.5,12.7,28.5,41.2,20.1,14.1,8.0,5.1,4.9,"$68,301,007 ","$79,952,578 "
2009,2010,Philadelphia 76ers,97.7,37.6,81.8,46.0,5.8,16.8,34.3,16.7,22.0,75.6,11.5,29.5,41.0,21.0,14.5,8.1,5.4,4.0,"$64,883,448 ","$77,051,362 "
2010,2011,Philadelphia 76ers,99.0,38.1,82.6,46.1,5.4,15.2,35.5,17.4,22.6,77.0,10.4,31.4,41.8,22.7,13.0,7.6,4.3,4.6,"$68,915,246 ","$80,986,195 "
2011,2012,Philadelphia 76ers,93.6,37.4,83.6,44.8,5.3,14.6,36.2,13.5,18.2,74.2,10.7,32.5,43.2,22.0,11.2,8.0,5.2,4.8,"$66,672,368 ","$75,657,929 "
2012,2013,Philadelphia 76ers,93.2,37.3,84.1,44.4,6.3,17.5,36.0,12.2,16.8,72.9,10.9,30.4,41.3,22.8,13.0,7.4,4.7,4.8,"$66,697,839 ","$74,448,020 "
2013,2014,Philadelphia 76ers,99.5,37.9,87.2,43.5,7.0,22.5,31.2,16.6,23.4,71.0,11.6,31.2,42.7,21.8,16.9,9.3,4.0,6.8,"$51,741,312 ","$56,757,794 "
2014,2015,Philadelphia 76ers,92.0,33.7,82.6,40.8,8.4,26.3,32.0,16.1,23.8,67.6,11.9,30.9,42.9,20.5,17.7,9.6,5.9,5.5,"$54,355,571 ","$58,414,953 "
2015,2016,Philadelphia 76ers,97.4,36.2,84.0,43.1,9.3,27.5,33.9,15.7,22.6,69.4,9.5,31.8,41.2,21.5,16.4,8.3,6.0,5.7,"$64,583,220 ","$69,320,632 "
2016,2017,Philadelphia 76ers,102.4,37.7,85.3,44.2,10.1,29.8,34.0,17.0,22.0,77.1,9.8,33.0,42.8,23.8,16.7,8.4,5.1,5.4,"$84,775,343 ","$90,095,374 "
2017,2018,Philadelphia 76ers,109.8,40.8,86.6,47.2,11.0,29.8,36.9,17.1,22.8,75.2,10.9,36.5,47.4,27.1,16.5,8.3,5.1,5.1,"$100,797,386 ","$105,401,164 "
2008,2009,Phoenix Suns,109.4,41.1,81.6,50.4,6.7,17.6,38.3,20.4,27.5,74.4,11.0,30.7,41.7,23.2,15.7,7.2,5.1,4.5,"$76,130,408 ","$89,117,609 "
2009,2010,Phoenix Suns,110.2,40.7,82.8,49.2,8.9,21.6,41.2,19.9,25.8,77.0,11.1,31.9,43.0,23.3,14.8,5.8,5.1,4.5,"$65,288,544 ","$77,532,428 "
2010,2011,Phoenix Suns,105.0,39.3,83.5,47.0,8.5,22.6,37.7,18.0,23.6,75.9,10.0,30.2,40.2,23.7,14.3,6.6,4.4,4.3,"$65,979,054 ","$77,535,711 "
2011,2012,Phoenix Suns,98.4,37.8,82.5,45.8,6.7,19.6,34.3,16.0,21.2,75.7,10.9,30.8,41.7,22.5,14.1,6.5,5.5,4.4,"$80,640,576 ","$91,508,654 "
2012,2013,Phoenix Suns,95.2,37.3,84.4,44.3,5.9,17.7,33.0,14.7,19.7,74.4,11.7,29.9,41.6,22.6,15.6,8.0,5.3,5.1,"$54,196,264 ","$60,493,782 "
2013,2014,Phoenix Suns,105.2,38.7,83.5,46.3,9.3,25.1,37.2,18.5,24.4,75.8,11.3,31.7,43.0,19.1,15.3,8.4,4.6,4.0,"$55,569,468 ","$60,957,107 "
2014,2015,Phoenix Suns,102.4,38.8,85.8,45.2,8.5,25.0,34.1,16.4,21.5,76.0,10.9,32.2,43.2,20.2,15.1,8.5,4.7,4.1,"$58,018,672 ","$62,351,628 "
2015,2016,Phoenix Suns,100.9,37.2,85.6,43.5,9.0,25.8,34.8,17.5,23.2,75.1,11.5,33.3,44.8,20.7,17.2,7.7,3.8,5.5,"$68,095,365 ","$73,090,409 "
2016,2017,Phoenix Suns,107.7,39.9,88.5,45.0,7.5,22.6,33.2,20.4,26.3,77.6,11.9,33.1,45.0,19.6,15.4,8.2,4.9,5.3,"$89,754,590 ","$95,387,098 "
2017,2018,Phoenix Suns,103.9,38.5,87.1,44.2,9.3,27.9,33.4,17.7,23.9,74.1,10.3,33.9,44.1,21.3,15.7,6.9,4.5,6.0,"$92,684,083 ","$96,917,295 "
2008,2009,Portland Trail Blazers,99.4,36.8,79.2,46.5,7.3,19.0,38.3,18.5,24.2,76.5,12.9,28.8,41.7,20.3,12.9,6.7,4.9,3.9,"$80,260,059 ","$93,951,741 "
2009,2010,Portland Trail Blazers,98.1,36.3,78.7,46.1,6.0,16.9,35.4,19.6,24.8,79.0,11.1,29.1,40.2,20.4,12.3,6.4,4.3,4.1,"$56,946,258 ","$67,625,668 "
2010,2011,Portland Trail Blazers,96.3,36.0,80.5,44.7,6.3,18.3,34.5,18.0,22.4,80.4,12.1,27.2,39.3,21.2,13.0,8.0,4.4,4.1,"$74,584,058 ","$87,647,938 "
2011,2012,Portland Trail Blazers,97.2,36.4,82.1,44.3,7.2,20.9,34.6,17.2,21.6,79.6,11.1,29.5,40.7,20.4,14.2,8.0,4.9,4.8,"$80,920,717 ","$91,826,552 "
2012,2013,Portland Trail Blazers,97.5,36.7,81.9,44.8,8.2,23.2,35.3,15.9,20.5,77.6,10.7,30.2,40.8,21.8,14.7,6.6,4.3,4.4,"$59,442,596 ","$66,349,730 "
2013,2014,Portland Trail Blazers,106.7,39.1,87.0,45.0,9.4,25.3,37.2,19.1,23.5,81.5,12.5,34.0,46.4,23.2,13.7,5.5,4.7,3.7,"$61,260,350 ","$67,199,740 "
2014,2015,Portland Trail Blazers,102.8,38.7,86.0,45.0,9.8,27.2,36.2,15.5,19.4,80.1,10.7,35.1,45.9,21.9,13.6,6.4,4.5,3.6,"$69,936,842 ","$75,159,876 "
2015,2016,Portland Trail Blazers,105.1,38.6,85.9,45.0,10.5,28.5,37.0,17.4,23.0,75.4,11.6,33.9,45.5,21.3,14.6,6.9,4.6,5.2,"$61,685,814 ","$66,210,692 "
2016,2017,Portland Trail Blazers,107.9,39.5,86.1,45.9,10.4,27.7,37.5,18.5,23.7,78.0,10.1,33.5,43.7,21.1,13.7,7.0,5.0,5.3,"$119,732,234 ","$127,245,980 "
2017,2018,Portland Trail Blazers,105.6,39.3,87.0,45.2,10.3,28.1,36.6,16.7,20.9,80.0,10.2,35.3,45.5,19.5,13.5,7.0,5.2,5.1,"$118,708,146 ","$124,129,975 "
2008,2009,Sacramento Kings,100.6,36.5,81.5,44.7,7.1,19.4,36.8,20.5,25.7,79.8,10.2,28.9,39.1,19.7,15.4,6.9,4.3,5.2,"$69,204,512 ","$81,010,212 "
2009,2010,Sacramento Kings,100.0,38.3,84.1,45.6,5.9,16.9,34.9,17.4,24.0,72.6,11.9,30.7,42.6,20.5,15.0,6.9,4.5,5.7,"$67,515,718 ","$80,177,273 "
2010,2011,Sacramento Kings,99.4,38.2,85.1,44.9,5.2,15.6,33.5,17.7,24.2,73.4,13.1,30.8,43.9,20.4,16.1,7.4,4.8,5.7,"$45,268,465 ","$53,197,524 "
2011,2012,Sacramento Kings,98.8,37.7,86.5,43.6,6.2,19.7,31.6,17.1,23.2,73.6,13.4,29.5,42.9,19.3,14.4,8.5,4.9,6.4,"$48,950,236 ","$55,547,347 "
2012,2013,Sacramento Kings,100.2,37.6,84.2,44.7,7.4,20.5,36.3,17.5,22.8,76.9,11.5,29.1,40.6,20.8,14.6,8.2,4.2,6.3,"$54,421,935 ","$60,745,677 "
2013,2014,Sacramento Kings,100.5,36.9,82.5,44.7,6.0,18.0,33.3,20.7,27.3,75.9,12.1,32.4,44.5,18.9,15.2,7.2,3.9,5.6,"$59,174,155 ","$64,911,282 "
2014,2015,Sacramento Kings,101.3,36.7,80.7,45.5,5.6,16.5,34.1,22.3,29.3,76.2,10.9,33.3,44.2,20.3,16.3,6.7,4.0,6.2,"$73,379,071 ","$78,859,179 "
2015,2016,Sacramento Kings,106.6,40.0,86.4,46.4,8.0,22.4,35.9,18.5,25.5,72.5,10.6,33.7,44.2,24.5,16.2,8.9,4.5,5.3,"$70,610,560 ","$75,790,104 "
2016,2017,Sacramento Kings,102.8,37.9,82.1,46.1,9.0,23.9,37.6,18.1,23.3,77.5,8.7,32.3,41.1,22.5,14.6,7.6,4.0,5.1,"$95,596,327 ","$101,595,433 "
2017,2018,Sacramento Kings,98.8,38.8,86.1,45.0,9.0,24.0,37.5,12.3,16.7,73.5,9.5,31.4,40.9,21.6,13.7,7.8,4.1,4.7,"$99,587,185 ","$104,135,688 "
2008,2009,San Antonio Spurs,97.0,37.1,79.7,46.6,7.6,19.8,38.6,15.2,20.0,76.1,8.9,32.2,41.0,21.2,11.7,5.8,4.0,4.3,"$68,020,487 ","$79,624,200 "
2009,2010,San Antonio Spurs,101.4,38.4,81.2,47.3,6.8,18.9,35.8,17.8,24.0,74.0,10.8,32.0,42.8,22.3,13.6,6.3,4.6,5.1,"$79,338,309 ","$94,217,014 "
2010,2011,San Antonio Spurs,103.7,38.4,80.8,47.5,8.4,21.1,39.7,18.5,24.2,76.7,10.1,31.7,41.9,22.4,13.4,7.3,4.5,4.6,"$69,522,311 ","$81,699,592 "
2011,2012,San Antonio Spurs,103.7,39.6,82.8,47.8,8.4,21.3,39.3,16.2,21.6,74.8,10.3,32.6,43.0,23.2,13.6,7.4,4.4,5.0,"$73,732,762 ","$83,669,865 "
2012,2013,San Antonio Spurs,103.0,39.1,81.4,48.1,8.1,21.5,37.6,16.6,21.0,79.1,8.1,33.2,41.3,25.1,14.7,8.5,5.4,4.9,"$69,838,600 ","$77,953,731 "
2013,2014,San Antonio Spurs,105.4,40.6,83.5,48.6,8.5,21.4,39.7,15.7,20.0,78.5,9.3,34.0,43.3,25.2,14.4,7.4,5.1,4.6,"$63,115,911 ","$69,235,205 "
2014,2015,San Antonio Spurs,103.2,39.1,83.6,46.8,8.3,22.5,36.7,16.7,21.4,78.0,9.8,33.8,43.6,24.4,14.0,8.0,5.4,4.4,"$70,770,209 ","$76,055,480 "
2015,2016,San Antonio Spurs,103.5,40.1,82.9,48.4,7.0,18.5,37.5,16.4,20.4,80.3,9.4,34.5,43.9,24.5,13.1,8.3,5.9,3.9,"$87,832,839 ","$94,275,703 "
2016,2017,San Antonio Spurs,105.3,39.3,83.7,46.9,9.2,23.5,39.1,17.6,22.0,79.7,10.0,33.9,43.9,23.8,13.4,8.0,5.9,4.1,"$112,017,779 ","$119,047,406 "
2017,2018,San Antonio Spurs,102.7,39.0,85.4,45.7,8.5,24.1,35.2,16.1,20.9,77.2,10.4,33.9,44.2,22.8,13.1,7.7,5.6,3.9,"$114,633,844 ","$119,869,587 "
2008,2009,Toronto Raptors,99.0,37.2,81.4,45.8,5.8,15.7,37.2,18.7,22.7,82.4,9.8,30.6,40.4,22.4,13.4,6.4,4.8,4.7,"$73,446,970 ","$85,976,400 "
2009,2010,Toronto Raptors,104.1,39.0,80.9,48.2,6.3,17.0,37.1,19.7,25.8,76.4,9.8,30.6,40.4,22.0,13.4,5.7,4.7,4.4,"$67,822,433 ","$80,541,508 "
2010,2011,Toronto Raptors,99.1,38.3,82.4,46.5,4.2,13.3,31.6,18.2,24.1,75.5,11.7,28.6,40.3,21.9,14.7,7.1,4.3,5.6,"$69,992,648 ","$82,252,310 "
2011,2012,Toronto Raptors,90.7,34.4,78.1,44.0,5.5,16.3,34.0,16.4,21.4,77.0,10.6,31.4,42.0,20.9,15.2,6.5,4.9,4.9,"$55,063,049 ","$62,483,997 "
2012,2013,Toronto Raptors,97.2,36.3,81.5,44.6,7.0,20.3,34.3,17.6,22.3,78.8,10.6,29.6,40.2,21.5,13.7,7.3,4.8,4.7,"$63,708,138 ","$71,110,922 "
2013,2014,Toronto Raptors,101.3,36.5,81.9,44.5,8.7,23.4,37.2,19.6,25.1,78.2,11.4,31.1,42.5,21.2,14.1,7.0,4.2,4.3,"$71,561,643 ","$78,499,777 "
2014,2015,Toronto Raptors,104.0,37.9,83.3,45.5,8.9,25.1,35.2,19.3,24.6,78.7,10.7,30.8,41.5,20.7,12.9,7.5,4.4,5.0,"$81,317,963 ","$87,390,965 "
2015,2016,Toronto Raptors,102.7,36.7,81.3,45.1,8.6,23.4,37.0,20.8,26.7,77.7,10.2,33.2,43.4,18.7,13.1,7.8,5.5,5.4,"$71,591,189 ","$76,842,665 "
2016,2017,Toronto Raptors,106.9,39.2,84.4,46.4,8.8,24.3,36.3,19.7,24.7,79.6,10.6,32.6,43.3,18.5,12.7,8.3,4.9,4.8,"$108,599,970 ","$115,415,114 "
2017,2018,Toronto Raptors,111.7,41.3,87.4,47.2,11.8,33.0,35.8,17.3,21.8,79.4,9.8,34.2,44.0,24.3,13.4,7.6,6.1,4.9,"$116,929,373 ","$122,269,961 "
2008,2009,Utah Jazz,103.6,38.3,80.8,47.5,4.8,13.7,34.9,22.1,28.7,77.1,11.5,29.5,41.0,24.7,14.8,8.8,4.6,5.2,"$65,841,407 ","$77,073,389 "
2009,2010,Utah Jazz,104.2,39.4,80.2,49.1,5.4,14.7,36.4,20.2,27.2,74.1,10.6,31.6,42.2,26.7,15.2,8.2,4.9,5.4,"$71,905,244 ","$85,389,991 "
2010,2011,Utah Jazz,99.4,37.4,80.4,46.5,5.3,15.3,34.6,19.4,25.1,77.1,11.0,28.5,39.5,23.4,14.3,7.7,5.9,5.0,"$75,855,296 ","$89,141,843 "
2011,2012,Utah Jazz,99.7,38.2,83.8,45.6,4.1,12.8,32.3,19.1,25.3,75.4,13.0,31.1,44.2,21.8,14.2,8.3,5.8,5.7,"$58,178,016 ","$66,018,776 "
2012,2013,Utah Jazz,98.0,37.1,81.8,45.4,6.2,16.9,36.6,17.5,23.0,76.4,12.1,30.0,42.0,22.7,14.8,8.4,6.3,5.9,"$65,657,569 ","$73,286,873 "
2013,2014,Utah Jazz,95.0,36.0,81.1,44.4,6.6,19.2,34.4,16.4,22.0,74.7,11.0,30.2,41.2,20.3,14.6,7.0,4.5,4.9,"$56,911,999 ","$62,429,802 "
2014,2015,Utah Jazz,95.1,35.4,79.2,44.7,7.4,21.7,34.3,17.0,23.5,72.1,12.0,31.9,44.0,19.9,15.3,7.6,6.0,4.7,"$60,847,538 ","$65,391,761 "
2015,2016,Utah Jazz,97.7,36.1,80.4,44.9,8.5,23.9,35.5,17.1,23.0,74.4,10.7,32.5,43.2,19.0,14.9,7.7,5.2,4.7,"$63,608,425 ","$68,274,335 "
2016,2017,Utah Jazz,100.7,37.0,79.5,46.6,9.6,26.0,37.2,17.1,22.9,74.7,9.4,33.8,43.2,20.1,13.6,6.7,5.0,3.8,"$80,138,192 ","$85,167,228 "
2017,2018,Utah Jazz,104.1,38.3,82.9,46.2,10.8,29.6,36.6,16.8,21.5,77.9,9.0,34.2,43.3,22.4,14.7,8.6,5.1,4.6,"$105,606,838 ","$110,430,283 "
2008,2009,Washington Wizards,96.1,36.5,81.2,45.0,4.8,14.6,33.0,18.2,23.8,76.7,11.7,28.4,40.1,20.0,14.0,7.5,4.5,5.3,"$70,743,317 ","$82,811,524 "
2009,2010,Washington Wizards,96.2,36.7,81.7,44.9,5.3,14.9,35.3,17.6,23.1,76.2,11.8,30.0,41.8,19.0,14.9,6.0,5.1,5.1,"$73,440,274 ","$87,212,893 "
2010,2011,Washington Wizards,97.3,37.2,84.0,44.3,4.8,14.4,33.2,18.2,24.4,74.5,12.4,29.0,41.3,19.4,15.3,8.1,6.1,5.0,"$58,324,988 ","$68,540,981 "
2011,2012,Washington Wizards,93.6,36.6,83.0,44.1,5.2,16.3,32.0,15.3,21.0,72.7,11.7,29.9,41.7,19.1,15.3,8.0,6.3,4.5,"$55,386,345 ","$62,850,863 "
2012,2013,Washington Wizards,93.2,35.5,81.6,43.5,6.6,18.2,36.5,15.6,21.3,73.3,10.8,32.3,43.2,21.6,15.1,7.3,4.6,4.4,"$59,715,539 ","$66,654,386 "
2013,2014,Washington Wizards,100.7,38.7,84.4,45.9,7.9,20.8,38.0,15.3,20.9,73.1,10.8,31.4,42.2,23.3,14.7,8.1,4.6,3.9,"$64,698,822 ","$70,971,580 "
2014,2015,Washington Wizards,98.5,38.3,82.8,46.2,6.1,16.8,36.0,15.9,21.4,74.2,10.5,34.2,44.7,24.0,15.0,7.3,4.6,4.3,"$73,372,974 ","$78,852,628 "
2015,2016,Washington Wizards,104.1,39.5,85.8,46.0,8.6,24.2,35.8,16.5,22.5,73.0,9.1,32.8,41.8,24.5,14.5,8.6,3.9,4.3,"$85,055,155 ","$91,294,262 "
2016,2017,Washington Wizards,109.2,41.3,87.0,47.5,9.2,24.8,37.2,17.3,22.1,78.4,10.3,32.6,42.9,23.9,14.2,8.5,4.1,4.6,"$104,016,580 ","$110,544,093 "
2017,2018,Washington Wizards,106.6,39.9,85.6,46.7,9.9,26.5,37.5,16.8,21.8,77.2,10.0,33.1,43.1,25.2,14.6,7.9,4.3,4.7,"$123,306,396 ","$128,938,245 "
